<?xml version="1.0" encoding="utf-8"?><graphml xmlns="http://graphml.graphdrawing.org/xmlns" xmlns:xsi="http://www.w3.org/2001/XMLSchema-instance" xsi:schemaLocation="http://graphml.graphdrawing.org/xmlns http://graphml.graphdrawing.org/xmlns/1.0/graphml.xsd">
  <key attr.name="weight" attr.type="double" for="edge" id="d0" />
  <graph edgedefault="directed">
    <node id="1.1.1" />
    <node id="1.1.2.2" />
    <node id="1.1.2.1" />
    <node id="1.1.2" />
    <node id="1.1.3.2" />
    <node id="1.1" />
    <node id="1.1.3.1" />
    <node id="1.1.3" />
    <node id="1" />
    <edge source="1.1.2" target="1.1.2.2">
      <data key="d0">0.0575438931688</data>
    </edge>
    <edge source="1.1.2" target="1.1.2.1">
      <data key="d0">0.105301986657</data>
    </edge>
    <edge source="1.1" target="1.1.1">
      <data key="d0">0.560607411083</data>
    </edge>
    <edge source="1.1" target="1.1.3">
      <data key="d0">0.741221587377</data>
    </edge>
    <edge source="1.1" target="1.1.2">
      <data key="d0">0.991426195271</data>
    </edge>
    <edge source="1.1.3" target="1.1.3.2">
      <data key="d0">0.00397873408726</data>
    </edge>
    <edge source="1.1.3" target="1.1.3.1">
      <data key="d0">0.128230916642</data>
    </edge>
    <edge source="1" target="1.1">
      <data key="d0">0.538121395348</data>
    </edge>
  </graph>
</graphml>

